Name,Account Number
Nina,149392
Damian,154719
Alexia,115706
Bruce and Camille,171140
Helga,163782
ruth,135891
Karina,143079
familly,183939
Dana,122991
Jean,169705
Anneli,123856
Orsi,153594
sherry,183952
KeithMichelle,177677
Macy,163854
TG,188270
Madhu,125727
Shona,129800
odile,118045
Therese,194253
Mrs,197928
Kit,109660
Claire,122597
Tary,176065
philippa katherine,184102
Tiffany,129309
KERRY,165511
ashton,108263
Si,157712
Zane,152803
jure,131394
Tabatha,107123
Paula,184426
Alan,173037
Sophie,204424
Chelsey,135658
Shannon,193517
Nuria,148720
Christine,159061
steve,185888
don,112560
Suejean,135637
Fatisha,108244
Priska,133641
Peter,185617
dia,157833
Cindy,196276
Kathrin,199509
Yana,180683
Ellen Walton,107436
Stephen,134799
Alva and Martin,179684
Alicja,199698
Francoise,146809
Hurst,147691
Bea,176023
Chris,133566
lamia,107827
elaine,188624
Barbara,121458
HELIDA,175974
Aaron,113713
Christian,166631
Alexis,175026
Lina,156147
Ginger,173225
Malahat,137118
christal,205888
TRICIA,205417
Anushka,166633
CLARE,139258
Fleur,160429
Katrine,113004
Ina,132319
Justine,197434
Bato,137336
Manoj,141407
Line,114632
Chevonne,170715
AnaPaula,152503
Jennifer,204398
sunny,164242
Anastasia,173086
Fiona,165021
Denise,189210
amanda,159525
simone,205371
Tod,166034
Courtney,205146
katie,153657
Alfredo A,142820
Allison,168786
Bonnie,117058
Ben,182687
alice and rudolf,168749
Megan,106876
David,205960
Rhonda,191106
Lilly,192138
Aline,171888
John,198983
Hollie,175904
janet,121299
Meredith,192162
Rich,134925
leanne,108252
ciara and mike,182707
Elisabeth,116802
Audrey,125969
Majken,136695
mike,205900
adam,160222
Heidi,150361
barbara,114209
Abdul-L,148538
Esther,200465
Beckie,105054
Anke,110064
Tom,115554
Rosa Maria,162075
Bev,198475
Angel Marie,164677
Natasha,173835
Maki,114966
M George,175591
Maria Macarena,115485
Charlotte,196775
Detlev,179513
Deirdre,105624
Abikay,200494
Howard,126366
julie,171183
Valda,113992
anne,196636
Blanca Gabriela,139343
claire,135667
Novy,153117
Sam,150094
Greg,139105
christina,153618
Maryse,170268
manuela,192703
Cassandra,114483
Dottie,125289
Anthony,113084
Karin,158546
Kendra,147157
Regina,161897
Jocelyn,202235
Lucien,122043
Richard and Comfort,181536
Tamara,129240
elizabeth r,202488
Bernadett,192334
Jeffrey,153995
Helena,106972
Gustavo,177566
GAIA,105626
Tori,139729
Elyse,171417
Zaneta,195046
Campbell,201911
Lolarae,158853
LAURENCE,144311
Lynne,122072
Damali,114027
Debra,190156
Kayla,193330
Phillip,151198
Hans-Joerg,149969
Gerd W,195278
Kevin,112836
danielle,115032
lorna,175413
michelle,204093
Larry,174016
Doug and Tina,154649
Hanna Agla,133442
Steven,125221
Maxine,141190
Family,134236
Julianne,202773
Whitney,165594
SUSAN,189119
Scott,179020
cari,170755
Mark,205740
Lesley,164058
alex,182797
Gerardo,153776
eugenia,108465
Pam and Rob,126923
Dean,142860
Piret,185580
Cherie,128356
Aidan,148334
Sonja,148341
Carmela,129860
Olga,140324
Angela,116986
Janaina,144967
Sarka,199293
Antje,198188
Brona,115799
Laine,106343
Costanza,193338
Jasinta Jeanne,154790
smith,170015
Tammy,191869
Melissa,189288
Lindsey,161034
Federica e Andrea,157974
Christophe,193742
Nicola,114515
Nikki,107925
Emily,161266
Precious,193941
matthew,177638
Gina,171715
Kara,109449
Saraya,175296
Debora,149604
Emer,126042
elisabeth,198105
Michael,199144
Elisa,126741
LAURIE,174613
Rowena,145367
natalie,158172
Tracy,119390
ron,130026
A,153569
Elena,135766
Triona,113734
esther,160812
Nicole,110786
Liban,109438
Babs,160017
Laleh,112749
C,127126
isabel,154228
sandhya,142176
james,123504
gladys,204406
Wendy,199947
Hilde Karin,198690
Mary,165139
Lusell,151039
Gloria Gail,205684
Trina,152925
Maria,187097
Vanessa,148443
Roger,137114
Klara,108887
ZENA,132825
Grace,115784
Kellie,122708
Derrick,205175
Nathalie,161073
Katherine,205148
Tania,120457
Marie,177287
Jerome,196428
Maria and Timothy,203551
Renee,169409
Genevieve,204679
Hilde,159509
L,168605
Tarah,152565
Ken,185125
Christy,151443
Jenna and Paul,200766
Joachim,144349
amy,138413
Linda,175706
Kirsten,162191
Lydia,106145
Gerhard,115673
Doug,175825
Jacob,137084
kemp,157661
Kenneth,133792
Glen,106226
Janis,180289
Tamar,130954
leigh,132382
Karoline,133133
paula,178121
Lesleigh,192932
Baybars,143804
Judy,108886
R,179133
Stanford,152786
Karen and Andrew,205256
Jeremy,135379
T,141167
Sandrine,199948
Michaela,156170
seemab,116793
Beatriz,173082
Christiane,151819
Lindi,172494
Morgan,186930
chris,150065
Bruce,121121
Joelle,184591
Bryan Kerrene,182967
Alice,172890
Elizabeth,117829
Marie-Christine,189027
Ruth,170226
Caroline,127653
Kasey,167240
Holly,190866
Ailsa,201208
Janine,109176
Heloise,158392
carolien,144452
Katrin,190598
jacqueline,141771
loudon,143198
Monica,142548
kirsten,126634
Daniele,185775
Emma,179529
Dawn,135992
jennifer,149134
burt,204957
Mandy,113288
Kerry,164663
Pamela,138415
Annelies,146599
manon,200021
ann,114663
Frank,159753
nicole,145608
leiser,111454
Camille and Carmen,128927
PATRICK,178077
Nacole,125785
Irene,117094
Jacqui,205239
cristina,111673
William,185012
Caroline and Jonathan,183500
Anabela,119440
Randy,111526
megan,169243
Jodi,189557
Wouter and Andrea,130586
erin,105962
Stephanie,206013
AMY,128043
Ruangrote,174051
minjeong,147971
Tatjana and Martin,116785
Crystal,188267
Brian,168386
luisa,200112
Jeannette,134331
Carole,147015
Roza,107308
Delphine,131429
Joanna,174543
Sharon,177710
Orit,141368
Marina,171147
JP,205742
Oscar,156926
Nola,184146
heidi,171956
Sylvia,131518
Charis,167135
Jamie,176792
DD,128687
Clare,201978
Joanne,146207
Vicki and Bill,151353
Liann,169605
Selene,177793
Audinet,140551
Hale,197829
Betina,112348
Kathryn,150011
Lauren,140431
Dickson,148647
Fernando,160864
Georgia,107131
Beate,190367
Laura,183180
Angelina  Patrick,144602
Sheila,184829
Charlene,191833
Georgina,123635
Brenda,139723
nina,149544
Shiree,162178
Annette,163983
Charmain,192265
Niamh,140609
Erica,171745
Marian,149237
DeeDee,202723
asuncion,185765
Niki,105417
Keri,196137
Katerina,131265
Jen,150749
jeremy,134405
cath,148025
Danny,126690
STEPHANIE,107050
Karen,106195
Michele,120950
Cleo,195253
marie-louise,142512
jingyan,169710
Selma,203179
Elsa,179170
Gerlinde,123786
corina,149235
Toni,178970
Glenn,165237
Mike,180391
Reto,149613
Sean,128455
catherine,193796
Adam,164976
Beatrice,146678
Anna,177676
alan,163273
Corinne,199140
Paul,155370
VIOLETA,150331
IMAN,193781
Rebecca,154455
Cameron,178487
Caterina,135939
Bernadette,168093
olla,123291
Aziz,175532
Amy,156784
Bob,194631
Isabelle,164305
Alyssa,193174
Jupiterlina Elika,117589
Stacy,124162
Ellen,154204
Matt,204131
Kenny,179073
scott,112787
Diana,171585
Ravinder,192093
jo,180002
isabela,177522
Darren,105863
pamela,133214
Aniko,148488
asuman,113293
Kate,147949
jiyoung,109512
carol,162450
Elyssa,174493
Lesa,166885
Dave and Amy,189709
Maggie,178137
Patricia,107604
Jodie,148857
Geraldine,143156
Cormac,115238
Diane,145112
Celina,200657
frauke,123935
Ana,144081
Anne-line,130822
Heather,159819
Rima,148917
Martin,112120
Hollyn,115507
Britlyn,151746
Angie,202662
Gerald,147007
camilla,171441
verena,199856
Cara,127427
Yvette,109318
Eman,136638
Jo,154901
Krista,204005
Ronja,172725
Dania,115184
Chad,180165
Gitte,198476
jason,184681
Riche Lou,142446
Luc1nda,178811
Naseer,131134
Bertrand,129920
john,149553
Miriane,152760
shelby,123416
melanie,159392
Gabriel,167362
Christof and Heidi,190937
maria,140124
Alessandra,130516
Kelly,141268
Anja Langer,204318
anissa,137461
gail,112873
nathalie,174043
Natalie,160693
Kelsi,105540
BURCAK,134919
Alex,182141
Ann,193013
Nichol Jane,117103
George,176940
SYLVIA,122784
Tina,187213
nihan,174820
Jannik,118697
Kaylee,108124
Kristen,197695
Marion,128279
Sandra  Thierry  Zoe,151823
Ruby,200562
Tarja,205526
Caren,183701
Jeff,205369
Brittany,184546
Astrid,115087
Marlene,132546
Ulrika,192757
Tracey,181898
linda,144337
Ryan,175884
lydia,133664
samuel,170558
Vishpala,151929
Helen,160833
Jane,173838
Ghislaine,167875
Stefan,202055
Kofi,188568
KELI,183791
Miye,201074
Katie,131258
Sherri,200595
Sarah,178173
Shane,204317
giovanna,134421
Darian,129402
lailani,126522
Monique,173277
Tejal,173249
Pam,174407
Olivia,150049
Sigrun,128074
Brandi,130417
carolina,136174
Leila,112570
Jyoti,142895
Jackie,153627
Janet,127761
Sabine,115844
Alison,188013
Karena,190653
Judith L.,170528
Jolene,151992
Cheryl,125015
Dr. Donald,191614
Andrea,121149
Dez,105942
Family in,123898
Julia,189681
maggie,176597
Erika,126140
Polyxene,120856
Jessica,167065
ayse,170749
breon,194365
Mareike,171695
Pavel,122112
Cherish,133249
Pilar,106809
chrissy,167865
Shailesh,189367
Rachel,119288
Andree,187273
Julie,185799
valerie et nicolas,166352
Nona,161576
Frank and Christelle,180172
Richard,195679
Harriet,170302
Nita and Trebor,157185
Jiri,164254
Kristyn,122482
ayelet,151461
Anett,111315
ZOE,163204
Ec,140464
Ashlee,142762
Nanci,189587
DOREEN,131911
kathleen kane,125436
Ed,162571
Tanya,118541
Maie,129819
Margaret,182046
Alexandria,117463
June,127099
Rosemary,164462
Carmen,205970
Lisa,183186
Conrad,172291
luciana,174976
Lizelle,178238
Attie,204709
Liz,139151
Hani,168551
Lena,161525
Mehmet Fatih,162888
Anupam,175308
Eleanor,179140
sangeeta,181840
brian,123604
Ritz,193989
Djeiny,144167
Cathy,120532
Kimberly,107013
Mona,109373
clara,188474
Ignacio,132910
Craig,110503
eva,190360
Eric,192577
Madison,107539
george,201527
Renee Elisabeth,132873
Danielle,146849
Veronique,124014
Antonella,175217
Tricia,201211
Leah,162552
Anjan,120998
Michel,160516
prof,153628
Michelle,128585
Louise,127318
Saeko,172822
Hanne,106959
alix,139267
Joern,176655
mary,194593
Daria,156395
Parth,166180
Tara,124431
Miss,202071
BALA,113597
pirunkit,175996
Sven,186522
Kees en Valesca,135849
Bent Erik,180263
Marcia,158482
Andrew,130028
lilia,195725
Christyna,151673
Alicia,141929
Maricel,140455
Jenevieve,120645
Elaine,152618
Terry,128975
Lainey,109870
Jag,153387
Hans,126847
Aideen and Jonathan,191955
sorcha,126924
Olympe,133020
Frances,184079
Tulin,177219
Rennae,109725
Nadine,145509
VERBENA,185648
Katharina,130462
Robin,167277
Fie,188322
Nita,157688
Mimi,134462
Malinda,135234
Gabriella,202700
Samantha,126650
Surat,194933
Yoko,179351
Henrietta,190916
Trine Marie,180632
Ashley,115295
Filip and Teresa,192504
Jammie,122425
malin,155959
Emillie,146929
Maureen,136533
alison,109841
Sabrina,113813
Melinda,177030
Liza,172216
Jan,167885
Sara,111683
cheryl,132459
Evelyn,170262
Amanda,198576
Pia,195408
Oswald,175097
Tomasz,187588
Zoe,110509
Kirstie,181092
Simone,144309
Benoit,151525
andrea,116144
Catherine,160553
beatrice,174518
Anita,160735
Juliann,125517
Patrick,116812
caterina,179178
James,180513
suzanne,179962
christy,134315
Gouya,176853
Maja,201366
sandra,140642
isabelle,154839
Petra,106169
Anja,111044
Fatima,154524
Darrah,125770
stacy,205552
Leanne,129789
Sari,179401
Kim,173876
Dr. Claudia,125258
